{
  "_cached_at": "2026-01-06T10:22:58.535790",
  "data": [
    {
      "date": "2019-01-01",
      "name": "New Year\u2019s Day",
      "event_type": "holiday",
      "importance": "major"
    },
    {
      "date": "2019-04-19",
      "name": "Good Friday",
      "event_type": "holiday",
      "importance": "high"
    },
    {
      "date": "2019-04-22",
      "name": "Easter Monday",
      "event_type": "holiday",
      "importance": "high"
    },
    {
      "date": "2019-05-06",
      "name": "Early May bank holiday",
      "event_type": "holiday",
      "importance": "medium"
    },
    {
      "date": "2019-05-27",
      "name": "Spring bank holiday",
      "event_type": "holiday",
      "importance": "medium"
    },
    {
      "date": "2019-08-26",
      "name": "Summer bank holiday",
      "event_type": "holiday",
      "importance": "medium"
    },
    {
      "date": "2019-12-25",
      "name": "Christmas Day",
      "event_type": "holiday",
      "importance": "major"
    },
    {
      "date": "2019-12-26",
      "name": "Boxing Day",
      "event_type": "holiday",
      "importance": "major"
    },
    {
      "date": "2020-01-01",
      "name": "New Year\u2019s Day",
      "event_type": "holiday",
      "importance": "major"
    },
    {
      "date": "2020-04-10",
      "name": "Good Friday",
      "event_type": "holiday",
      "importance": "high"
    },
    {
      "date": "2020-04-13",
      "name": "Easter Monday",
      "event_type": "holiday",
      "importance": "high"
    },
    {
      "date": "2020-05-08",
      "name": "Early May bank holiday (VE day)",
      "event_type": "holiday",
      "importance": "medium"
    },
    {
      "date": "2020-05-25",
      "name": "Spring bank holiday",
      "event_type": "holiday",
      "importance": "medium"
    },
    {
      "date": "2020-08-31",
      "name": "Summer bank holiday",
      "event_type": "holiday",
      "importance": "medium"
    },
    {
      "date": "2020-12-25",
      "name": "Christmas Day",
      "event_type": "holiday",
      "importance": "major"
    },
    {
      "date": "2020-12-28",
      "name": "Boxing Day",
      "event_type": "holiday",
      "importance": "major"
    },
    {
      "date": "2021-01-01",
      "name": "New Year\u2019s Day",
      "event_type": "holiday",
      "importance": "major"
    },
    {
      "date": "2021-04-02",
      "name": "Good Friday",
      "event_type": "holiday",
      "importance": "high"
    },
    {
      "date": "2021-04-05",
      "name": "Easter Monday",
      "event_type": "holiday",
      "importance": "high"
    },
    {
      "date": "2021-05-03",
      "name": "Early May bank holiday",
      "event_type": "holiday",
      "importance": "medium"
    },
    {
      "date": "2021-05-31",
      "name": "Spring bank holiday",
      "event_type": "holiday",
      "importance": "medium"
    },
    {
      "date": "2021-08-30",
      "name": "Summer bank holiday",
      "event_type": "holiday",
      "importance": "medium"
    },
    {
      "date": "2021-12-27",
      "name": "Christmas Day",
      "event_type": "holiday",
      "importance": "major"
    },
    {
      "date": "2021-12-28",
      "name": "Boxing Day",
      "event_type": "holiday",
      "importance": "major"
    },
    {
      "date": "2022-01-03",
      "name": "New Year\u2019s Day",
      "event_type": "holiday",
      "importance": "major"
    },
    {
      "date": "2022-04-15",
      "name": "Good Friday",
      "event_type": "holiday",
      "importance": "high"
    },
    {
      "date": "2022-04-18",
      "name": "Easter Monday",
      "event_type": "holiday",
      "importance": "high"
    },
    {
      "date": "2022-05-02",
      "name": "Early May bank holiday",
      "event_type": "holiday",
      "importance": "medium"
    },
    {
      "date": "2022-06-02",
      "name": "Spring bank holiday",
      "event_type": "holiday",
      "importance": "medium"
    },
    {
      "date": "2022-06-03",
      "name": "Platinum Jubilee bank holiday",
      "event_type": "holiday",
      "importance": "medium"
    },
    {
      "date": "2022-08-29",
      "name": "Summer bank holiday",
      "event_type": "holiday",
      "importance": "medium"
    },
    {
      "date": "2022-09-19",
      "name": "Bank Holiday for the State Funeral of Queen Elizabeth II",
      "event_type": "holiday",
      "importance": "medium"
    },
    {
      "date": "2022-12-26",
      "name": "Boxing Day",
      "event_type": "holiday",
      "importance": "major"
    },
    {
      "date": "2022-12-27",
      "name": "Christmas Day",
      "event_type": "holiday",
      "importance": "major"
    },
    {
      "date": "2023-01-02",
      "name": "New Year\u2019s Day",
      "event_type": "holiday",
      "importance": "major"
    },
    {
      "date": "2023-04-07",
      "name": "Good Friday",
      "event_type": "holiday",
      "importance": "high"
    },
    {
      "date": "2023-04-10",
      "name": "Easter Monday",
      "event_type": "holiday",
      "importance": "high"
    },
    {
      "date": "2023-05-01",
      "name": "Early May bank holiday",
      "event_type": "holiday",
      "importance": "medium"
    },
    {
      "date": "2023-05-08",
      "name": "Bank holiday for the coronation of King Charles III",
      "event_type": "holiday",
      "importance": "medium"
    },
    {
      "date": "2023-05-29",
      "name": "Spring bank holiday",
      "event_type": "holiday",
      "importance": "medium"
    },
    {
      "date": "2023-08-28",
      "name": "Summer bank holiday",
      "event_type": "holiday",
      "importance": "medium"
    },
    {
      "date": "2023-12-25",
      "name": "Christmas Day",
      "event_type": "holiday",
      "importance": "major"
    },
    {
      "date": "2023-12-26",
      "name": "Boxing Day",
      "event_type": "holiday",
      "importance": "major"
    },
    {
      "date": "2024-01-01",
      "name": "New Year\u2019s Day",
      "event_type": "holiday",
      "importance": "major"
    },
    {
      "date": "2024-03-29",
      "name": "Good Friday",
      "event_type": "holiday",
      "importance": "high"
    },
    {
      "date": "2024-04-01",
      "name": "Easter Monday",
      "event_type": "holiday",
      "importance": "high"
    },
    {
      "date": "2024-05-06",
      "name": "Early May bank holiday",
      "event_type": "holiday",
      "importance": "medium"
    },
    {
      "date": "2024-05-27",
      "name": "Spring bank holiday",
      "event_type": "holiday",
      "importance": "medium"
    },
    {
      "date": "2024-08-26",
      "name": "Summer bank holiday",
      "event_type": "holiday",
      "importance": "medium"
    },
    {
      "date": "2024-12-25",
      "name": "Christmas Day",
      "event_type": "holiday",
      "importance": "major"
    },
    {
      "date": "2024-12-26",
      "name": "Boxing Day",
      "event_type": "holiday",
      "importance": "major"
    },
    {
      "date": "2025-01-01",
      "name": "New Year\u2019s Day",
      "event_type": "holiday",
      "importance": "major"
    },
    {
      "date": "2025-04-18",
      "name": "Good Friday",
      "event_type": "holiday",
      "importance": "high"
    },
    {
      "date": "2025-04-21",
      "name": "Easter Monday",
      "event_type": "holiday",
      "importance": "high"
    },
    {
      "date": "2025-05-05",
      "name": "Early May bank holiday",
      "event_type": "holiday",
      "importance": "medium"
    },
    {
      "date": "2025-05-26",
      "name": "Spring bank holiday",
      "event_type": "holiday",
      "importance": "medium"
    },
    {
      "date": "2025-08-25",
      "name": "Summer bank holiday",
      "event_type": "holiday",
      "importance": "medium"
    },
    {
      "date": "2025-12-25",
      "name": "Christmas Day",
      "event_type": "holiday",
      "importance": "major"
    },
    {
      "date": "2025-12-26",
      "name": "Boxing Day",
      "event_type": "holiday",
      "importance": "major"
    },
    {
      "date": "2026-01-01",
      "name": "New Year\u2019s Day",
      "event_type": "holiday",
      "importance": "major"
    },
    {
      "date": "2026-04-03",
      "name": "Good Friday",
      "event_type": "holiday",
      "importance": "high"
    },
    {
      "date": "2026-04-06",
      "name": "Easter Monday",
      "event_type": "holiday",
      "importance": "high"
    },
    {
      "date": "2026-05-04",
      "name": "Early May bank holiday",
      "event_type": "holiday",
      "importance": "medium"
    },
    {
      "date": "2026-05-25",
      "name": "Spring bank holiday",
      "event_type": "holiday",
      "importance": "medium"
    },
    {
      "date": "2026-08-31",
      "name": "Summer bank holiday",
      "event_type": "holiday",
      "importance": "medium"
    },
    {
      "date": "2026-12-25",
      "name": "Christmas Day",
      "event_type": "holiday",
      "importance": "major"
    },
    {
      "date": "2026-12-28",
      "name": "Boxing Day",
      "event_type": "holiday",
      "importance": "major"
    },
    {
      "date": "2027-01-01",
      "name": "New Year\u2019s Day",
      "event_type": "holiday",
      "importance": "major"
    },
    {
      "date": "2027-03-26",
      "name": "Good Friday",
      "event_type": "holiday",
      "importance": "high"
    },
    {
      "date": "2027-03-29",
      "name": "Easter Monday",
      "event_type": "holiday",
      "importance": "high"
    },
    {
      "date": "2027-05-03",
      "name": "Early May bank holiday",
      "event_type": "holiday",
      "importance": "medium"
    },
    {
      "date": "2027-05-31",
      "name": "Spring bank holiday",
      "event_type": "holiday",
      "importance": "medium"
    },
    {
      "date": "2027-08-30",
      "name": "Summer bank holiday",
      "event_type": "holiday",
      "importance": "medium"
    },
    {
      "date": "2027-12-27",
      "name": "Christmas Day",
      "event_type": "holiday",
      "importance": "major"
    },
    {
      "date": "2027-12-28",
      "name": "Boxing Day",
      "event_type": "holiday",
      "importance": "major"
    },
    {
      "date": "2028-01-03",
      "name": "New Year\u2019s Day",
      "event_type": "holiday",
      "importance": "major"
    },
    {
      "date": "2028-04-14",
      "name": "Good Friday",
      "event_type": "holiday",
      "importance": "high"
    },
    {
      "date": "2028-04-17",
      "name": "Easter Monday",
      "event_type": "holiday",
      "importance": "high"
    },
    {
      "date": "2028-05-01",
      "name": "Early May bank holiday",
      "event_type": "holiday",
      "importance": "medium"
    },
    {
      "date": "2028-05-29",
      "name": "Spring bank holiday",
      "event_type": "holiday",
      "importance": "medium"
    },
    {
      "date": "2028-08-28",
      "name": "Summer bank holiday",
      "event_type": "holiday",
      "importance": "medium"
    },
    {
      "date": "2028-12-25",
      "name": "Christmas Day",
      "event_type": "holiday",
      "importance": "major"
    },
    {
      "date": "2028-12-26",
      "name": "Boxing Day",
      "event_type": "holiday",
      "importance": "major"
    }
  ]
}